name,ra,dec,JAB,label,spectral type,redshift,source,note,run,flux_z,flux_ivar_z,flux_w1,flux_ivar_w1,flux_w2,flux_ivar_w2,j_err,y_err,h_err,k_err,YAB,HAB,KAB
J0739+2328,114.9565,23.4737,20.49,star,M9.5,,RN,,lris-2201,4.103994,104.84385,10.586656,2.641212,10.35425,0.653168,0.09380045,0.2627106,0.2653501,0.2599081,21.34,20.53,20.54
J0759+2811,119.7644,28.1922,19.98,star,M6,,RN,,lris-2201,4.574131,131.6562,17.087048,2.474816,19.447443,0.60131,0.14145885,0.13644883,0.19563407,0.18332851,20.26,19.95,19.9
J0820+2412,125.0318,24.2079,20.26,failed,,,RN,"wrong target, candidate unobserved",lris-2201,3.673404,78.71606,13.259457,2.483101,12.643189,0.588457,0.07452192,0.17095017,0.14287251,0.1340926,20.87,19.85,19.75
J0831+2558,127.7506,25.9824,19.95,star,M6,,RN,,lris-2201,5.551227,110.57923,11.875537,2.804552,10.136308,0.600285,0.06814985,0.08893127,-1.0,-1.0,20.38,-1.0,-1.0
J0849+2601,132.4605,26.0252,20.49,star,M8,,EB,,lris-2201,2.951967,83.25055,1.702891,3.258015,0.279183,0.657158,0.1003458,0.21647012,-1.0,-1.0,21.02,-1.0,-1.0
J0936+3244,144.0621,32.7369,20.11,star,M8,,RN,,lris-2201,5.005251,186.0036,6.388557,3.20556,8.710896,0.704915,0.07075182,0.13433535,0.17563435,-1.0,20.48,19.93,-1.0
J0936+3346,144.1918,33.7672,20.14,star,M7,,RN,,lris-2201,3.834488,58.672848,13.572598,3.222533,14.423491,0.723409,0.10241486,0.1959663,0.19403806,0.14546622,20.85,20.19,19.65
J0938+3332,144.7305,33.55,20.25,star,M6,,RN,,lris-2201,4.891985,95.78055,5.876368,3.064816,3.462965,0.695395,0.103625745,0.12719788,0.17454316,0.18272373,20.45,20.14,19.95
J1003-2610,150.9141,-26.1712,-1.0,star,M6,,EB,,lris-2201,9.134348,51.084583,51.002254,2.442033,65.03225,0.632012,-1.0,-1.0,-1.0,-1.0,-1.0,-1.0,-1.0
J1030-0031,157.6601,-0.5216,19.87,star,M9.5,,RN,,lris-2201,3.9392,112.90931,17.782257,2.736596,18.80562,0.597706,0.08316982,0.1938235,0.10422457,0.118037626,20.93,19.68,19.44
J1145+0933,176.3326,9.5629,20.23,uNQ,,,RN,coadd2d; low S/N but unlikely to be qso,lris-2201,3.278466,71.03093,13.742454,2.625384,16.188816,0.587881,0.117134325,0.10592446,0.08292207,0.08670109,20.74,20.21,19.92
J1146+0039,176.506,0.6609,20.33,uNQ,,,RN,,lris-2201,2.578135,136.40952,12.308244,2.590939,14.940946,0.604214,0.13626279,0.07384848,0.10221594,-1.0,20.71,20.39,-1.0
J1206-0051,181.5325,-0.8515,20.97,uNQ,,,RN,coadd2d; low S/N but unlikely to be qso,lris-2201,1.640686,57.779884,10.482556,2.624897,8.882775,0.578936,0.08522703,-1.0,-1.0,-1.0,-1.0,-1.0,-1.0
J1209+0135,182.3079,1.5873,20.2,star,L0.5,,RN,,lris-2201,2.678449,124.44262,12.142903,2.7943,10.922469,0.578515,0.12409363,0.07571494,0.04510227,0.23924734,20.72,19.9,20.24
J1241-0134,190.4628,-1.5691,20.26,star,M4.5,,RN,,lris-2201,4.964619,125.09222,15.541692,2.81279,17.81058,0.616974,0.10084025,0.1497758,0.08629045,0.22960918,20.58,20.21,20.15
J1246-3045,191.5318,-30.7624,-1.0,star,M6,,EB,,lris-2201,,,,,,,-1.0,-1.0,-1.0,-1.0,-1.0,-1.0,-1.0
J1256-0306,194.1415,-3.1166,21.26,uNQ,,,RN,,lris-2201,2.667913,54.69296,6.358619,2.806942,6.779828,0.584668,0.14628159,0.12527972,0.13842893,0.16058642,21.27,20.85,20.56
J1305-1549,196.4318,-15.8288,-1.0,star,M8,,EB,,lris-2201,,,,,,,-1.0,-1.0,-1.0,-1.0,-1.0,-1.0,-1.0
J1326+0927,201.6527,9.4554,20.12,star,M9,,RN,,lris-2201,3.221457,128.8494,10.36179,3.217529,9.978012,0.700718,0.09014917,0.1223482,0.15346229,0.12752916,20.59,20.29,20.02
J0810+2352,122.6679,23.8764,20.2,star,M9,,RN,,lris-2203,4.786501,38.637897,9.678658,2.389926,10.041686,0.547403,0.07607038,0.123632364,0.14704368,0.14756812,20.42,19.83,19.83
J0850+0146,132.5352,1.7786,20.95,star,L2,,RN,,lris-2203,1.466662,120.42608,7.982997,3.288332,11.361897,0.686087,0.17133549,0.115806565,0.12181649,0.25716433,21.17,20.62,20.52
J0901+2906,135.4089,29.1154,20.59,QSO,,6.1,RN,,lris-2203,4.512681,100.32504,9.070099,3.190716,9.912363,0.680236,0.15172088,0.13149676,-1.0,0.1882921,20.75,-1.0,20.01
J0911+0022,137.9179,0.3785,21.27,star,M9,,RN,,lris-2203,1.982985,119.08139,3.737861,3.297526,3.700018,0.701961,0.12105591,0.0809385,0.20213558,0.25530076,21.29,21.13,21.23
J0947+0111,146.9812,1.1908,20.57,star,M8,,RN,,lris-2203,3.026723,51.79898,8.856812,3.087544,9.697154,0.671944,0.12993002,0.15190305,-1.0,-1.0,20.72,-1.0,-1.0
J1100+0203,165.0121,2.0501,21.5,uNQ,,,RN,coadd2d; low S/N but unlikely to be qso,lris-2203,,,,,,,0.16097857,-1.0,-1.0,-1.0,-1.0,-1.0,-1.0
J1143-0248,175.9838,-2.8082,21.74,uNQ,,,RN,,lris-2203,,,,,,,0.18872795,0.19171718,0.19215287,-1.0,21.83,21.55,-1.0
J1153-2239,178.3398,-22.6503,-1.0,star,M9,,EB,,lris-2203,,,,,,,-1.0,-1.0,-1.0,-1.0,-1.0,-1.0,-1.0
J1200+0112,180.0132,1.204,21.65,uNQ,,,RN,coadd2d; low S/N but unlikely to be qso,lris-2203,,,,,,,0.21468562,-1.0,-1.0,0.23351705,-1.0,-1.0,21.17
J1223+0114,185.7974,1.2348,20.82,star,M8,,RN,,lris-2203,2.555763,61.02417,6.343148,2.790955,8.231467,0.572547,0.20612964,0.11034864,0.21735959,0.13376889,20.97,20.6,20.49
J1233-2807,188.4635,-28.1307,-1.0,star,M9,,EB,,lris-2203,,,,,,,-1.0,-1.0,-1.0,-1.0,-1.0,-1.0,-1.0
J1250+0347,192.6192,3.7842,21.49,uNQ,,,RN,,lris-2203,1.862873,89.17886,5.260812,2.860529,4.618595,0.619037,0.15392312,0.1945302,-1.0,0.18824388,21.84,-1.0,20.95
J1319+0101,199.8647,1.0323,21.41,QSO,,5.7,RN,,lris-2203,3.137484,101.494385,2.101399,3.136039,2.351107,0.642746,0.1496667,0.14913298,0.2180638,0.21016821,21.19,21.57,21.18
J1327-0207,201.8314,-2.1207,21.41,uNQ,,,RN,,lris-2203,0.752816,140.65482,4.308279,3.213608,4.889345,0.704098,0.14130218,0.162922,0.19435187,0.19346695,21.67,21.36,20.88
J1335+0103,203.768,1.0655,21.19,star,M4.5,,RN,,lris-2203,1.795286,68.50466,2.406276,3.205207,3.450262,0.6728,0.11601814,0.19019376,-1.0,-1.0,20.96,-1.0,-1.0
J1355-0044,208.7694,-0.739,21.17,uNQ,,,RN,,lris-2203,2.266153,71.52255,6.998609,3.025649,5.730826,0.684378,0.11117938,0.1024614,0.21608302,0.10677431,21.22,20.78,20.29
J1355-0111,208.9151,-1.1915,21.53,uNQ,,,RN,,lris-2203,0.732903,87.66702,3.631814,3.2077,6.829308,0.684363,0.14426897,0.14793992,0.19858459,0.17621839,21.63,21.2,20.92
J1356+0050,209.1527,0.8444,21.53,uNQ,,,RN,,lris-2203,0.892317,129.65019,1.094533,3.242626,-0.733516,0.715056,0.18184632,0.14812113,-1.0,-1.0,21.49,-1.0,-1.0
J1358-0118,209.6825,-1.3059,20.54,star,M9,,RN,,lris-2203,2.564613,60.069283,5.721922,3.170753,6.812776,0.677349,0.13702647,0.075544804,0.14892162,0.116958916,20.89,20.34,20.49
J1412-2757,213.0457,-27.9584,-1.0,star,M6,,EB,,lris-2203,,,,,,,-1.0,-1.0,-1.0,-1.0,-1.0,-1.0,-1.0
J1422+0307,215.6111,3.1317,21.19,star,M9,,RN,,lris-2203,1.788811,66.36876,6.380488,3.315255,7.87498,0.674036,0.14171338,0.11594809,0.1806228,0.20191999,21.34,20.91,20.86
J1425+0004,216.3505,0.0715,20.96,star,M8,,RN,,lris-2203,2.125,82.92578,6.440808,3.081871,8.074501,0.677646,0.104143426,0.08912851,-1.0,0.18753591,21.26,-1.0,20.82
J1427+0202,216.9523,2.0409,21.72,uNQ,,,RN,coadd2d; low S/N but unlikely to be qso,lris-2203,,,,,,,0.18635939,-1.0,-1.0,-1.0,-1.0,-1.0,-1.0
J1443+0210,220.9054,2.1678,21.11,failed,,,RN,reduction fail,lris-2203,2.387119,33.641644,6.416104,2.993757,8.885814,0.690716,0.24445987,0.10864548,0.16585183,0.11422058,21.16,21.0,20.48
J1458+1012,224.6507,10.2138,19.23,QSO,,5.6,EB,,lris-2203,10.92034,88.756744,30.00384,3.152304,31.078043,0.768149,0.059378702,0.07260523,0.057935726,0.051036067,19.82,19.02,18.93
J1510-0144,227.6352,-1.7405,21.64,uNQ,,,RN,,lris-2203,0.733868,80.717575,2.092325,3.314862,2.372685,0.688715,0.16612178,0.16702612,-1.0,0.26009342,21.91,-1.0,21.42
J1514-0121,228.5783,-1.3623,21.53,star,M9.5,,RN,,lris-2203,0.946981,51.02719,2.863791,3.197042,4.229907,0.676635,0.1578583,0.15816413,0.24148867,-1.0,21.78,21.5,-1.0
J1522+0051,230.6429,0.8647,19.66,uNQ,,,RN,,lris-2203,2.696773,69.01218,10.855453,2.774345,11.64784,0.665867,0.07809875,0.12487722,0.058248974,0.05394379,20.09,19.31,18.95
J1534+0046,233.7204,0.7793,20.88,star,M9,,RN,,lris-2203,1.970369,47.301636,6.793163,3.046798,8.388331,0.682872,0.09822811,0.12607706,0.1191758,0.1973974,21.24,20.85,20.91
J1655-0051,253.7865,-0.856,-1.0,star,M4.5,,EB,,lris-2203,,,,,,,-1.0,-1.0,-1.0,-1.0,-1.0,-1.0,-1.0
J1724+3718,261.1247,37.3061,-1.0,QSO,,5.74,EB,,lris-2203,3.578729,98.47369,4.90417,5.126223,5.153893,1.430304,-1.0,-1.0,-1.0,-1.0,-1.0,-1.0,-1.0
J0739+2645,114.9618,26.7584,21.49,failed,,,RN,observed but close to moon?,lris-2204,0.538795,146.99988,4.179718,2.640346,6.872106,0.625238,0.20627713,-1.0,-1.0,-1.0,-1.0,-1.0,-1.0
J0744+2352,116.1866,23.8809,20.73,failed,,,RN,observed but close to moon?,lris-2204,2.623605,76.352585,9.80778,2.53582,11.908905,0.591268,0.13191581,-1.0,-1.0,-1.0,-1.0,-1.0,-1.0
J0854+2908,133.6171,29.1425,20.71,uNQ,,,RN,coadd2d; uNQ in mosfire-2201,lris-2204,1.145573,92.01343,5.825679,3.094136,7.259589,0.614885,0.13596918,0.20430827,-1.0,-1.0,21.24,-1.0,-1.0
J0954-0117,148.5633,-1.2986,20.29,star,T,,RN,,lris-2204,1.087003,107.38377,15.166682,2.90811,17.065231,0.683245,0.11863975,-1.0,0.17205352,0.11841111,-1.0,19.91,19.55
J1100+0237,165.1637,2.6226,20.54,star,M9.5,,RN,science as tilt; coadd2d,lris-2204,2.479635,31.941647,8.644151,2.864469,9.716478,0.6128,0.1776577,0.25005183,0.08678237,0.24952248,21.2,20.17,20.41
J1111+0640,167.8548,6.6817,20.75,QSO,,6.0,RN,,lris-2204,4.654559,99.93573,5.461831,2.749703,6.926295,0.604792,0.16957249,0.14899541,-1.0,-1.0,21.04,-1.0,-1.0
J1152+0059,178.0774,0.9928,20.3,failed,,,RN,reduction fail due to bright nearby source,lris-2204,2.903681,75.14101,-3.279843,2.808686,-3.225878,0.605864,0.1152096,0.18339679,0.1774116,0.11002993,20.66,20.08,20.26
J1238+0234,189.601,2.5833,20.69,uNQ,,,RN,,lris-2204,1.137889,72.89134,9.164779,2.776395,7.543748,0.583961,0.191065,0.13926303,0.12319657,0.18034221,21.61,20.81,20.21
J1253-0200,193.3015,-2.0114,21.22,uNQ,,,RN,,lris-2204,1.244154,106.52594,5.420058,1.925012,2.104805,0.498752,0.1247793,0.09086518,-1.0,0.115400866,20.98,-1.0,20.41
J1317-0302,199.3735,-3.0466,20.98,star,M4.5,,RN,,lris-2204,2.480017,90.68494,4.949327,2.929391,7.037931,0.655318,0.12201658,0.20246388,0.18993036,0.20000887,21.1,20.86,20.79
J1340+1422,205.1192,14.3791,21.08,uNQ,,,RN,,lris-2204,1.492969,72.79135,6.358999,3.355894,4.915613,0.751159,0.18119709,-1.0,-1.0,0.23991877,-1.0,-1.0,20.7
J1349+0805,207.3444,8.0848,20.87,uNQ,,,RN,,lris-2204,1.613068,37.832314,9.554746,3.40585,8.907,0.751244,0.17275769,-1.0,-1.0,-1.0,-1.0,-1.0,-1.0
J1351+0128,207.8848,1.4694,20.85,star,M8,,RN,,lris-2204,2.143609,143.73032,4.877018,3.127796,5.788605,0.700027,0.09058416,0.2007925,0.158061,0.13615005,21.05,21.03,20.66
J1352+0002,208.0073,0.0402,20.82,star,M9,,RN,,lris-2204,1.844447,99.69444,7.041535,3.125082,4.07827,0.7144,0.17384002,0.09592877,0.09122497,0.122892134,20.95,20.54,20.43
J1401+4542,210.3369,45.7148,-1.0,QSO,,5.5,AG,,lris-2204,3.443568,126.699646,8.721699,4.401647,7.9567,1.16914,-1.0,-1.0,-1.0,-1.0,-1.0,-1.0,-1.0
J1426+0148,216.5661,1.8117,21.34,star,M6,,RN,,lris-2204,1.875184,54.11531,5.033369,3.281253,3.032962,0.715941,0.14015603,0.17687458,0.12840427,0.25777936,21.59,20.99,21.05
J1429+0219,217.3907,2.3227,21.29,star,M9.5,,RN,,lris-2204,1.653105,123.63518,6.102445,3.405717,6.758369,0.745096,0.12622945,0.1561987,0.12864445,0.16618404,21.44,20.81,20.72
J1432+0015,218.0553,0.2631,21.47,failed,,,RN,reduced 2d looks bad; not qso from raw image,lris-2204,1.766161,75.52594,3.570742,3.213573,2.808286,0.699199,0.13420753,0.14551124,-1.0,0.20899026,21.66,-1.0,21.33
J1434+0240,218.6668,2.6782,21.46,star,M8,,RN,,lris-2204,1.681668,87.05466,5.096753,3.444809,4.373536,0.729789,0.18645644,0.15056588,0.20545065,0.28762728,21.35,20.96,21.33
J1437-0151,219.3224,-1.8607,21.56,failed,,,RN,reduction fail due to bright nearby source; not quasar from 2d,lris-2204,1.474039,189.99454,2.121974,3.491737,2.036418,0.723561,0.16942163,-1.0,0.19058238,0.28926936,-1.0,21.33,21.52
J1438-0103,219.7245,-1.0571,20.84,uNQ,,,RN,71-72 wrong PA (don't use),lris-2204,1.648143,94.4045,12.582917,3.032898,17.706415,0.661526,0.17827189,0.18939641,0.1301902,0.07979595,21.64,20.08,20.09
J1441+0149,220.4742,1.8176,21.24,uNQ,,,RN,,lris-2204,2.180129,30.927826,5.0365,3.309897,7.59174,0.697312,0.10408981,0.15334268,0.19568343,0.1850776,21.52,21.38,21.01
J1450+0228,222.5056,2.4722,21.6,uNQ,,,RN,reduction fail due to bright nearby sourcer; not quasar from 2d,lris-2204,1.702945,84.49658,2.998084,3.584122,6.009943,0.795497,0.16346207,0.17236544,0.26602027,-1.0,21.71,21.75,-1.0
J1508-0109,227.1612,-1.1622,21.59,uNQ,,,RN,,lris-2204,1.917772,50.43319,3.627138,3.216316,2.830453,0.687453,0.15918957,0.105934136,0.20045649,0.2629213,21.4,21.36,21.44
J1513-0059,228.267,-0.9837,21.03,star,M7,,RN,,lris-2204,1.815072,106.44976,4.541496,3.154429,4.032733,0.669536,0.10003531,0.10352105,0.13311456,0.19642828,21.29,20.85,20.82
J1523+2935,230.8778,29.5944,20.07,QSO,,5.7,AG,,lris-2204,7.896707,53.70694,9.772573,4.171184,11.621957,1.040296,0.099173464,0.15636612,-1.0,0.14925799,20.26,-1.0,19.91
J1532-0155,233.037,-1.9186,21.04,star,M8,,RN,didn't apply offset,lris-2204,2.043468,43.688477,5.792417,3.121318,10.365778,0.665702,0.14126365,0.12168175,0.18499482,0.14680998,21.29,20.73,20.6
J1535+6145,233.9451,61.7665,-1.0,uNQ,,,AG,,lris-2204,2.353983,97.10849,5.186718,7.311384,3.098831,2.298356,-1.0,-1.0,-1.0,-1.0,-1.0,-1.0,-1.0
J1625+2414,246.4992,24.2385,20.99,uNQ,,,RN,,lris-2204,1.109467,50.49707,10.750278,3.763379,11.884199,1.052044,0.18816113,-1.0,-1.0,0.18296681,-1.0,-1.0,20.1
J2212+2040,333.1367,20.6692,-1.0,uNQ,,,FW,no LRIS flux; extended from FIRE observation; nires-1905; mosfire-2005; mosfire-2010,lris-2204,,,,,,,-1.0,-1.0,-1.0,-1.0,-1.0,-1.0,-1.0
J0007+2517,1.878,25.287,-1.0,failed,,,,cannot identify the target,mosfire-1911,,,,,,,-1.0,-1.0,-1.0,-1.0,-1.0,-1.0,-1.0
J0022-0713,5.6428,-7.2175,-1.0,failed,,,,affected by the acq box,mosfire-1911,,,,,,,-1.0,-1.0,-1.0,-1.0,-1.0,-1.0,-1.0
J0058+1715,14.5656,17.2553,-1.0,uNQ,,,,,mosfire-1911,,,,,,,-1.0,-1.0,-1.0,-1.0,-1.0,-1.0,-1.0
J0208+1749,32.2412,17.8289,-1.0,uNQ,,,,,mosfire-1911,,,,,,,-1.0,-1.0,-1.0,-1.0,-1.0,-1.0,-1.0
J0239-1026,39.903,-10.4383,-1.0,failed,,,,"sky subtraction fails, probably due to wrong tilt solution",mosfire-1911,0.252257,140.92023,5.409538,3.271692,3.77759,0.722071,-1.0,-1.0,-1.0,-1.0,-1.0,-1.0,-1.0
J0313-1806,48.4327,-18.1101,-1.0,QSO,,7.64,known qso,,mosfire-1911,,,,,,,-1.0,-1.0,-1.0,-1.0,-1.0,-1.0,-1.0
J0426+0221,66.7353,2.3649,-1.0,inconclusive,,,,~9750A,mosfire-1911,,,,,,,-1.0,-1.0,-1.0,-1.0,-1.0,-1.0,-1.0
J0427+0327,66.8532,3.4607,-1.0,failed,,,,might be wrong position according to obs note,mosfire-1911,,,,,,,-1.0,-1.0,-1.0,-1.0,-1.0,-1.0,-1.0
J2132-1434,323.1339,-14.5755,-1.0,uNQ,,,,,mosfire-1911,,,,,,,-1.0,-1.0,-1.0,-1.0,-1.0,-1.0,-1.0
J2140+1608,325.1548,16.137,-1.0,failed,,,,no trace,mosfire-1911,,,,,,,-1.0,-1.0,-1.0,-1.0,-1.0,-1.0,-1.0
J2245+2709,341.3624,27.1512,-1.0,failed,,,,no trace,mosfire-1911,,,,,,,-1.0,-1.0,-1.0,-1.0,-1.0,-1.0,-1.0
J2250-0859,342.551,-8.9954,-1.0,failed,,,,there are traces but might not be the target,mosfire-1911,1.172134,31.271854,9.082687,2.295321,9.274144,0.515813,-1.0,-1.0,-1.0,-1.0,-1.0,-1.0,-1.0
J2258-1540,344.7389,-15.6671,-1.0,uNQ,,,,,mosfire-1911,,,,,,,-1.0,-1.0,-1.0,-1.0,-1.0,-1.0,-1.0
J2333-1456,353.3177,-14.9433,-1.0,failed,,,,there are traces but might not be the target,mosfire-1911,,,,,,,-1.0,-1.0,-1.0,-1.0,-1.0,-1.0,-1.0
J1056+4613,164.0283,46.2248,-1.0,failed,,,,no trace,mosfire-2005,,,,,,,-1.0,-1.0,-1.0,-1.0,-1.0,-1.0,-1.0
J1100+5215,165.0265,52.2588,-1.0,failed,,,,no trace,mosfire-2005,,,,,,,-1.0,-1.0,-1.0,-1.0,-1.0,-1.0,-1.0
J1141+2822,175.356,28.371,-1.0,failed,,,,no trace,mosfire-2005,,,,,,,-1.0,-1.0,-1.0,-1.0,-1.0,-1.0,-1.0
J1311+5932,197.8284,59.5419,-1.0,uNQ,,,,,mosfire-2005,,,,,,,-1.0,-1.0,-1.0,-1.0,-1.0,-1.0,-1.0
J1342+0928,205.5338,9.4774,20.59,QSO,,7.54,known quasar,,mosfire-2005,,,,,,,0.091391325,0.19083378,0.11903839,0.12339124,21.47,20.02,20.03
J1410+3927,212.7213,39.457,-1.0,failed,,,,no trace,mosfire-2005,,,,,,,-1.0,-1.0,-1.0,-1.0,-1.0,-1.0,-1.0
J1517+2846,229.403,28.7692,-1.0,failed,,,,no trace,mosfire-2005,,,,,,,-1.0,-1.0,-1.0,-1.0,-1.0,-1.0,-1.0
J1517+2551,229.4647,25.8527,-1.0,failed,,,,no trace,mosfire-2005,,,,,,,-1.0,-1.0,-1.0,-1.0,-1.0,-1.0,-1.0
J1526+2848,231.6328,28.8089,-1.0,failed,,,,no trace,mosfire-2005,,,,,,,-1.0,-1.0,-1.0,-1.0,-1.0,-1.0,-1.0
J1600+3127,240.1348,31.4611,-1.0,uNQ,,,,,mosfire-2005,,,,,,,-1.0,-1.0,-1.0,-1.0,-1.0,-1.0,-1.0
J1626+1337,246.7402,13.6299,-1.0,uNQ,,,,,mosfire-2005,,,,,,,-1.0,-1.0,-1.0,-1.0,-1.0,-1.0,-1.0
J1642+2731,250.671,27.5183,20.92,failed,,,,no trace,mosfire-2005,,,,,,,0.20562023,-1.0,-1.0,0.19610903,-1.0,-1.0,19.86
J2133+0605,323.2536,6.0891,-1.0,failed,,,,no trace,mosfire-2005,1.070992,66.772766,25.281582,2.808761,35.435196,0.625744,-1.0,-1.0,-1.0,-1.0,-1.0,-1.0,-1.0
J2033-0428,308.3373,-4.4744,-1.0,failed,,,JY & FW,fall on a bright stripe,mosfire-2010,,,,,,,-1.0,-1.0,-1.0,-1.0,-1.0,-1.0,-1.0
J2105-0049,316.2843,-0.826,-1.0,uNQ,,,JY & FW,,mosfire-2010,2.022883,10.638963,13.162459,2.718052,10.530208,0.628632,-1.0,-1.0,-1.0,0.15455937,-1.0,-1.0,19.95
J2119-1335,319.9394,-13.5912,-1.0,uNQ,,,JY & FW,,mosfire-2010,,,,,,,-1.0,-1.0,-1.0,-1.0,-1.0,-1.0,-1.0
J2129+0601,322.4129,6.0204,-1.0,uNQ,,,JY & FW,no trace in mosfire-2005,mosfire-2010,,,,,,,-1.0,-1.0,-1.0,-1.0,-1.0,-1.0,-1.0
J2243+1340,340.9548,13.6694,-1.0,failed,,,JY & FW,no trace,mosfire-2010,,,,,,,-1.0,-1.0,-1.0,-1.0,-1.0,-1.0,-1.0
J2244+2907,341.1797,29.1174,-1.0,uNQ,,,JY & FW,,mosfire-2010,,,,,,,-1.0,-1.0,-1.0,-1.0,-1.0,-1.0,-1.0
J2247+3247,341.9262,32.7837,-1.0,uNQ,,,JY & FW,no trace in mosfire-1911,mosfire-2010,,,,,,,-1.0,-1.0,-1.0,-1.0,-1.0,-1.0,-1.0
J2312+3215,348.0116,32.2571,-1.0,uNQ,,,JY & FW,uNQ in mosfire-1911,mosfire-2010,,,,,,,-1.0,-1.0,-1.0,-1.0,-1.0,-1.0,-1.0
J2328+2755,352.2429,27.9199,-1.0,uNQ,,,JY & FW,failed in mosfire-1911,mosfire-2010,,,,,,,-1.0,-1.0,-1.0,-1.0,-1.0,-1.0,-1.0
J2346+2545,356.5846,25.7568,-1.0,uNQ,,,JY & FW,,mosfire-2010,,,,,,,-1.0,-1.0,-1.0,-1.0,-1.0,-1.0,-1.0
J2352+2655,358.0109,26.9195,-1.0,uNQ,,,JY & FW,might be FeLoBAL; failed in mosfire-1911,mosfire-2010,,,,,,,-1.0,-1.0,-1.0,-1.0,-1.0,-1.0,-1.0
J2355+2048,358.7588,20.8166,-1.0,uNQ,,,JY & FW,,mosfire-2010,,,,,,,-1.0,-1.0,-1.0,-1.0,-1.0,-1.0,-1.0
J0007-0657,1.8499,-6.9539,-1.0,failed,,,JY & FW,no trace,mosfire-2010,,,,,,,-1.0,-1.0,-1.0,-1.0,-1.0,-1.0,-1.0
J0020+1956,5.1417,19.9473,-1.0,uNQ,,,JY & FW,,mosfire-2010,,,,,,,-1.0,-1.0,-1.0,-1.0,-1.0,-1.0,-1.0
J0038-0653,9.5158,-6.8897,-1.0,QSO,,7.1,known quasar,mosfire-1911,mosfire-2010,,,,,,,-1.0,-1.0,-1.0,-1.0,-1.0,-1.0,-1.0
J0058-2903,14.6262,-29.0659,21.88,failed,,,RN,no trace,mosfire-2010,0.134768,272.14035,5.899748,3.539838,8.823864,0.75694,0.187724,-1.0,0.26647338,-1.0,-1.0,21.71,-1.0
J0102-3327,15.5523,-33.4614,21.28,uNQ,,,RN,,mosfire-2010,0.893392,143.98134,6.482617,3.374587,5.097377,0.777932,0.13258256,0.17071265,0.20972423,0.22149435,21.73,21.21,21.07
J0159-2017,29.9318,-20.2993,-1.0,uNQ,,,JY & FW,,mosfire-2010,,,,,,,-1.0,-1.0,-1.0,-1.0,-1.0,-1.0,-1.0
J0200+2520,30.2277,25.3447,-1.0,failed,,,EB,no trace,mosfire-2010,1.258806,82.42508,13.556436,2.864862,16.297968,0.64783,-1.0,-1.0,-1.0,-1.0,-1.0,-1.0,-1.0
J0208+3222,32.1246,32.3791,-1.0,failed,,,JY & FW,no trace,mosfire-2010,,,,,,,-1.0,-1.0,-1.0,-1.0,-1.0,-1.0,-1.0
J0220+3458,35.143,34.9733,-1.0,inconclusive,,,LOFAR,might need LRIS reobs,mosfire-2010,,,,,,,-1.0,-1.0,-1.0,-1.0,-1.0,-1.0,-1.0
J0251+1724,42.9514,17.4097,-1.0,uNQ,,,JY & FW,,mosfire-2010,,,,,,,-1.0,-1.0,-1.0,-1.0,-1.0,-1.0,-1.0
J0339-1610,54.921,-16.1725,-1.0,uNQ,,,JY & FW,,mosfire-2010,,,,,,,-1.0,-1.0,-1.0,-1.0,-1.0,-1.0,-1.0
J0705+2859,106.4665,28.9878,-1.0,uNQ,,,EB,,mosfire-2010,,,,,,,-1.0,-1.0,-1.0,-1.0,-1.0,-1.0,-1.0
J0753+3750,118.3745,37.8394,-1.0,failed,,,EB,bright central source,mosfire-2010,,,,,,,-1.0,-1.0,-1.0,-1.0,-1.0,-1.0,-1.0
J0758+0040,119.734,0.6814,-1.0,uNQ,,,JY & FW,,mosfire-2010,,,,,,,-1.0,-1.0,-1.0,-1.0,-1.0,-1.0,-1.0
J0759+0735,119.9502,7.5841,-1.0,uNQ,,,JY & FW,,mosfire-2010,,,,,,,-1.0,-1.0,-1.0,-1.0,-1.0,-1.0,-1.0
J0808+3855,122.174,38.9309,-1.0,failed,,,EB,no trace,mosfire-2010,,,,,,,-1.0,-1.0,-1.0,-1.0,-1.0,-1.0,-1.0
J0812+3201,123.0085,32.024,-1.0,uNQ,,,EB,,mosfire-2010,2.633596,101.01497,6.366568,3.096813,1.913214,0.656868,-1.0,-1.0,-1.0,-1.0,-1.0,-1.0,-1.0
J0813+2219,123.4995,22.3187,21.04,uNQ,,,JY & FW,,mosfire-2010,,,,,,,0.15277952,-1.0,-1.0,0.20533207,-1.0,-1.0,20.35
J0822+5045,125.6844,50.7631,-1.0,uNQ,,,EB,might need LRIS reobs; unlikely since it should look brighter (JAB=19.75),mosfire-2010,1.459275,54.997772,10.271758,3.267054,10.940734,0.804829,-1.0,-1.0,-1.0,-1.0,-1.0,-1.0,-1.0
J0826+1217,126.5086,12.2947,-1.0,uNQ,,,JY & FW,,mosfire-2010,,,,,,,-1.0,-1.0,-1.0,-1.0,-1.0,-1.0,-1.0
J0845+3033,131.2871,30.5507,-1.0,uNQ,,,JY & FW,,mosfire-2010,,,,,,,-1.0,-1.0,-1.0,-1.0,-1.0,-1.0,-1.0
J0851+4358,132.8213,43.9709,-1.0,failed,,,JY & FW,no trace,mosfire-2010,,,,,,,-1.0,-1.0,-1.0,-1.0,-1.0,-1.0,-1.0
J0637+3812,99.3565,38.2139,-1.0,uNQ,,,FW,,mosfire-2201,,,,,,,-1.0,-1.0,-1.0,-1.0,-1.0,-1.0,-1.0
J0730+5949,112.5323,59.818,-1.0,failed,,,FW,no trace,mosfire-2201,,,,,,,-1.0,-1.0,-1.0,-1.0,-1.0,-1.0,-1.0
J0838-0112,129.5247,-1.2046,20.58,uNQ,,,RN,,mosfire-2201,1.105807,222.84793,5.155072,3.0102,5.068529,0.680275,0.1420419,0.13085806,0.15399511,0.11923252,21.43,20.52,20.4
J0847+0139,131.97,1.6563,20.51,uNQ,,,RN,,mosfire-2201,1.022727,71.00618,7.978959,2.879589,4.814451,0.676445,0.1424694,0.20206387,0.16485995,0.11847118,21.83,20.96,20.47
J0938+1341,144.7297,13.6956,-1.0,uNQ,,,FW,,mosfire-2201,1.999423,49.85961,9.894641,2.494385,8.36933,0.581792,-1.0,-1.0,-1.0,-1.0,-1.0,-1.0,-1.0
J1024-0037,156.2024,-0.6267,20.74,failed,,,RN,fall on a bright stripe; the trace itself is very faint,mosfire-2201,0.648583,126.49676,9.535867,3.021209,5.67176,0.640158,0.18738572,0.07407546,-1.0,-1.0,19.8,-1.0,-1.0
J1506+3316,226.7225,33.2788,-1.0,failed,,,FW,two traces at the position of the target,mosfire-2201,,,,,,,-1.0,0.04051647,-1.0,-1.0,19.28,-1.0,-1.0
J0841+3814,130.4087,38.2356,-1.0,FeLoBAL,,,EB,in J2,mosfire-2204,,,,,,,-1.0,-1.0,-1.0,-1.0,-1.0,-1.0,-1.0
J1150-0143,177.7019,-1.7189,21.16,uNQ,,,RN,,mosfire-2204,,,,,,,0.14447568,-1.0,0.23062594,0.17584875,-1.0,21.17,20.75
J1202+0129,180.6675,1.4847,21.52,uNQ,,,RN,,mosfire-2204,,,,,,,0.15868029,0.25349957,0.2908166,0.16363573,22.01,21.94,20.81
J1315+1533,198.9532,15.5656,19.92,uNQ,,,RN,,mosfire-2204,3.065723,73.58941,8.322161,3.574547,9.468637,0.773391,0.055443235,0.09027856,0.11210646,0.107232496,20.58,19.86,19.74
J1318+2932,199.6751,29.5497,20.1,uNQ,,,RN,,mosfire-2204,1.224165,107.40244,10.348151,3.575341,12.43489,0.824614,0.12279851,0.12134496,0.17987667,0.18896173,20.43,20.22,20.15
J1332+0150,203.2356,1.842,21.76,uNQ,,,RN,,mosfire-2204,,,,,,,0.19587034,-1.0,-1.0,-1.0,-1.0,-1.0,-1.0
J1333+0919,203.4055,9.3275,20.99,uNQ,,,RN,,mosfire-2204,0.897633,118.259705,4.553355,3.278962,5.463988,0.688082,0.14572392,0.081112266,0.13468567,0.14771761,19.97,20.5,20.28
J1424+2527,216.2031,25.464,-1.0,failed,,,FW,trace very faint; unlikely to be quasar,mosfire-2204,,,,,,,-1.0,-1.0,-1.0,-1.0,-1.0,-1.0,-1.0
J1511+0344,227.943,3.735,20.37,uNQ,,,RN,,mosfire-2204,1.115397,39.03501,13.222395,2.98232,12.390271,0.701506,0.13500802,0.13712442,-1.0,-1.0,20.57,-1.0,-1.0
J0739+4843,114.9604,48.7208,-1.0,failed,,,,multiple traces,nires-1903,,,,,,,-1.0,-1.0,-1.0,-1.0,-1.0,-1.0,-1.0
J0744+1536,116.1208,15.6019,-1.0,failed,,,,very faint,nires-1903,0.611711,106.29799,11.903496,2.64449,13.563763,0.616315,-1.0,-1.0,-1.0,-1.0,-1.0,-1.0,-1.0
J0756+5744,119.1214,57.7411,-1.0,uNQ,,,,,nires-1903,,,,,,,-1.0,-1.0,-1.0,-1.0,-1.0,-1.0,-1.0
J0800+5128,120.1225,51.48,-1.0,failed,,,,multiple traces,nires-1903,,,,,,,-1.0,-1.0,-1.0,-1.0,-1.0,-1.0,-1.0
J0800+3034,120.1499,30.5719,-1.0,uNQ,,,,red end saturated,nires-1903,1.001087,57.811127,14.448184,2.578392,16.692629,0.582713,-1.0,-1.0,-1.0,-1.0,-1.0,-1.0,-1.0
J0803+0030,120.9272,0.5097,-1.0,star,L3,,,,nires-1903,,,,,,,-1.0,-1.0,-1.0,-1.0,-1.0,-1.0,-1.0
J0816+1622,124.0367,16.3805,-1.0,star,L8,,,,nires-1903,1.103082,144.55206,10.62341,2.730608,10.680384,0.618585,-1.0,-1.0,-1.0,-1.0,-1.0,-1.0,-1.0
J0953-0853,148.3353,-8.8933,-1.0,star,L6,,,,nires-1903,0.901623,61.821655,8.166947,3.214017,4.106999,0.706402,-1.0,-1.0,-1.0,-1.0,-1.0,-1.0,-1.0
J1217+3136,184.4048,31.6055,-1.0,star,L,,,,nires-1903,1.111451,101.863655,5.756838,3.941124,8.401876,0.878368,-1.0,-1.0,-1.0,-1.0,-1.0,-1.0,-1.0
J1312+5707,198.1211,57.1283,-1.0,star,T,,,,nires-1903,0.930445,47.49712,10.044986,4.990709,10.020988,1.312879,-1.0,-1.0,-1.0,-1.0,-1.0,-1.0,-1.0
J1423+2901,215.7862,29.0268,-1.0,star,L3,,,uNQ in lris-2204,nires-1903,,,,,,,-1.0,-1.0,-1.0,-1.0,-1.0,-1.0,-1.0
J1546+2945,236.5652,29.7537,-1.0,star,L3,,,,nires-1903,1.917479,91.72609,30.053965,3.549263,22.99146,1.013499,-1.0,-1.0,-1.0,-1.0,-1.0,-1.0,-1.0
J1550+2558,237.7417,25.9781,20.56,star,L3,,,,nires-1903,1.030851,97.70331,11.101354,4.27001,8.165456,1.104417,0.12117161,-1.0,0.18693686,0.15588361,-1.0,20.38,20.02
J1635+5940,248.7858,59.6788,-1.0,star,L3,,,uNQ in lris-2204,nires-1903,1.562838,39.482506,22.160854,5.347517,23.374502,1.736348,-1.0,-1.0,-1.0,-1.0,-1.0,-1.0,-1.0
J1638+5412,249.6888,54.2155,-1.0,star,L3,,,,nires-1903,0.919173,95.74544,9.662273,7.020185,7.002332,2.265966,-1.0,-1.0,-1.0,-1.0,-1.0,-1.0,-1.0
J1007+2115,151.9928,21.2581,-1.0,QSO,,7.52,known quasar,,nires-1905,,,,,,,-1.0,-1.0,-1.0,-1.0,-1.0,-1.0,-1.0
J1432+5746,218.0083,57.7711,-1.0,uNQ,,,,,nires-1905,,,,,,,-1.0,-1.0,-1.0,-1.0,-1.0,-1.0,-1.0
J1450+3302,222.6583,33.0376,-1.0,star,L3,,,,nires-1905,,,,,,,-1.0,-1.0,-1.0,-1.0,-1.0,-1.0,-1.0
J1458+6300,224.7333,63.0082,-1.0,star,M8,,,,nires-1905,2.308173,104.06728,3.01015,7.56527,3.493021,2.210564,-1.0,-1.0,-1.0,-1.0,-1.0,-1.0,-1.0
J1539-0203,234.8333,-2.0578,21.2,failed,,,,no trace,nires-1905,,,,,,,0.13047735,-1.0,-1.0,-1.0,-1.0,-1.0,-1.0
J1557+0140,239.3792,1.6786,-1.0,failed,,,,no trace,nires-1905,,,,,,,-1.0,-1.0,-1.0,-1.0,-1.0,-1.0,-1.0
J1635+1758,248.9,17.9797,-1.0,uNQ,,,,,nires-1905,1.045166,40.341568,12.791059,3.673843,13.202084,0.896452,-1.0,-1.0,-1.0,-1.0,-1.0,-1.0,-1.0
