Name,redshift,radeg,decdeg,JAperMag3,JAperMag3Err
SWJ013238.33+292602.57   ,4.45 ,23.1597083,29.4340472,18.53236,0.111551
SWJ012026.86+223058.55   ,4.59 ,20.1119167,22.5162639,18.495203,0.114602
SWJ003941.03+202554.85   ,4.61 ,9.9209583,20.4319028,17.5935,0.034464
SDSSJ030315.05-000347.6  ,4.72 ,45.8127083,-0.0632222,-999999500.0,-999999500.0
SWJ000754.08-031730.82   ,4.76 ,1.9753333,-3.2918944,18.285954,0.049764
SDSSJ000749.16+004119.6  ,4.78 ,1.954875,0.6887806,19.1498,0.097849
SDSSJ001529.86-004904.3  ,4.93 ,3.8744167,-0.8178611,19.620668,0.126302
SDSSJ000239.39+255034.8  ,5.82 ,0.664125,25.8430389,18.457941,0.091032
SDSSJ000552.34-000655.8  ,5.85 ,1.4680833,-0.1155,19.745247,0.192736
SDSSJ030331.40-001912.9  ,6.07 ,45.8808333,-0.32025,20.118309,0.196466
J020625.26+264023.6      ,L    ,31.60525,26.67322222,17.65,0.07
J020823.82+273738.7      ,L    ,32.09925,27.62741667,15.714,0.06
J030136.57+002057.0      ,L    ,45.402375,0.349166667,16.882,0.19
J003519.14+280715.5      ,M    ,8.82975,28.12097222,13.015,0.017
J004324.51+280543.7      ,M    ,10.852125,28.09547222,15.217,0.053
J004446.85+280741.8      ,M    ,11.19520833,28.12827778,13.533,0.018
J004605.87+280841.3      ,M    ,11.52445833,28.14480556,14.544,0.029
J011749.92+280245.3      ,M    ,19.458,28.04591667,14.42,0.026
J011908.43+280910.9      ,M    ,19.785125,28.15302778,14.817,0.036
J012559.40+280640.4      ,M    ,21.4975,28.11122222,14.767,0.035
J012739.04+280552.3      ,M    ,21.91266667,28.09786111,14.044,0.027
J013825.39+280943.7      ,M    ,24.60579167,28.16213889,14.79,0.035
J015158.49+280838.4      ,M    ,27.99370833,28.144,12.745,0.022
J015421.12+280414.9      ,M    ,28.588,28.07080556,15.771,0.057
J015748.95+280854.5      ,M    ,29.45395833,28.14847222,15.077,0.035
J015908.24+280457.8      ,M    ,29.78433333,28.08272222,13.636,0.02
PSO_J004.1834+23.0741    ,T    ,4.1834,23.0741,16.58,0.03
PSO_J031.5651+20.9097    ,T    ,31.5651,20.9097,16.73,0.03
SDSSJ090634.84+023433.8  ,4.501,136.6451667,2.5760667,17.220577,0.009336
SDSSJ094004.80+052630.9  ,4.504,145.02,5.4419417,-999999500.0,-999999500.0
SDSSJ093333.85+051839.9  ,4.506,143.3910833,5.3111028,18.385746,0.075917
SDSSJ083429.44+214024.6  ,4.508,128.6226667,21.6735139,,
BR1033-0327              ,4.509,159.09875,-3.7218639,,
SDSSJ092132.75+185654.9  ,4.519,140.3865,18.9486028,,
SDSSJ074211.16+250730.7  ,4.521,115.5465417,25.1252056,18.626795,0.053855
SDSSJ084045.40+090809.4  ,4.531,130.1891667,9.1359667,18.338783,0.058484
SDSSJ101006.54+073129.7  ,4.531,152.5272917,7.524925,19.339745,0.160332
SDSSJ084121.24+224242.7  ,4.54 ,130.3385417,22.7118611,,
SDSSJ085637.69+100855.4  ,4.544,134.1570833,10.1487389,18.482775,0.083379
SDSSJ093654.09+240336.8  ,4.549,144.225375,24.0602222,,
SDSSJ073748.60+263205.1  ,4.55 ,114.4525417,26.5347667,18.51192,0.040054
SDSSJ101253.72+284530.4  ,4.554,153.2238333,28.7584611,17.816479,0.047995
SDSSJ101440.95+283847.7  ,4.56 ,153.670625,28.6465861,18.803812,0.094949
SDSSJ083201.54+263641.9  ,4.564,128.0064167,26.6116444,18.219334,0.045268
SDSSJ094358.38+052422.6  ,4.587,145.99325,5.4062861,-999999500.0,-999999500.0
SDSSJ081806.87+071920.2  ,4.6  ,124.5286667,7.3223028,17.632437,0.021933
SDSSJ083616.19+214847.8  ,4.6  ,129.0674583,21.8132889,,
SDSSJ091139.61+231327.6  ,4.625,137.9150417,23.2243611,19.274683,0.17646
SDSSJ083513.12+193706.1  ,4.631,128.8047083,19.6183639,,
SDSSJ082155.57+260103.2  ,4.644,125.4815833,26.0175833,18.564716,0.053808
SDSSJ074853.86+170829.8  ,4.649,117.2244583,17.1416361,19.2511,0.100938
SDSSJ092303.52+024739.6  ,4.65 ,140.7647083,2.7943556,18.791763,0.035975
SDSSJ093508.50+080114.5  ,4.655,143.7854167,8.0207,18.436245,0.058203
C-COSMOS00781            ,4.66 ,150.1009167,2.4194944,,
SDSSJ104134.96+241728.8  ,4.665,160.3957083,24.2913528,18.78479,0.086455
SDSSJ080023.01+305101.2  ,4.674,120.095875,30.85035,18.020973,0.047349
SDSSJ102119.16-030937.2  ,4.696,155.3298333,-3.1603333,,
SDSSJ093412.85+294524.3  ,4.722,143.5535833,29.7567694,18.905958,0.094548
SDSSJ090950.05-011212.3  ,4.73 ,137.4585417,-1.2034278,19.66677,0.101594
SDSSJ084631.52+241108.3  ,4.731,131.631375,24.1856583,18.224737,0.053236
SDSSJ094409.52+100656.6  ,4.765,146.0396667,10.1157472,18.301935,0.044621
SDSSJ082800.57+245111.8  ,4.776,127.002375,24.8532972,19.161236,0.096026
SDSSJ075907.57+180054.7  ,4.778,119.7815833,18.0151972,18.201353,0.051011
SDSSJ085931.29+252019.5  ,4.78 ,134.880375,25.338775,19.050323,0.093647
SDSSJ104041.09+162233.8  ,4.798,160.17125,16.376075,18.402008,0.050429
SDSSJ091112.25+255425.6  ,4.805,137.8010833,25.9071361,18.043592,0.063832
SWJ075332.01+101511.68   ,4.89 ,118.383375,10.2532444,18.354935,0.05265
SDSSJ103208.57+144029.0  ,4.895,158.0357083,14.674725,19.801117,0.193428
SDSSJ090059.51+274557.6  ,4.96 ,135.2479583,27.766,20.06496,0.188995
SDSSJ084627.84+080051.7  ,5.0  ,131.616,8.0143667,18.632174,0.07256
SDSSJ103418.64+203300.2  ,5.01 ,158.5777083,20.5500583,18.832247,0.102512
SDSSJ083317.66+272629.0  ,5.02 ,128.3235833,27.4413889,-999999500.0,-999999500.0
SDSSJ092216.81+265359.0  ,5.048,140.5700417,26.8997389,19.140955,0.107325
SDSSJ083554.36+053753.0  ,5.065,128.9765,5.6314056,18.67848,0.054612
SDSSJ104335.19+101034.5  ,5.085,160.896625,10.1762722,19.941772,0.211487
SDSSJ095707.67+061059.5  ,5.14 ,149.282,6.1832083,18.28928,0.066443
SDSSJ085430.37+205650.8  ,5.171,133.6265417,20.9474556,,
SDSSJ094855.36+210631.5  ,5.173,147.2306667,21.1087694,18.750425,0.099185
SDSSJ095727.86+051905.2  ,5.185,149.366125,5.3181333,18.540606,0.058949
SDSSJ074154.72+252029.6  ,5.194,115.478,25.3415694,17.41799,0.02069
SDSSJ090245.76+085115.9  ,5.215,135.6906667,8.8544222,19.010075,0.07284
SDSSJ102623.62+254259.4  ,5.25 ,156.5984583,25.7165139,18.511465,0.092777
SWJ081248.82+044056.54   ,5.29 ,123.2034167,4.6823722,18.725115,0.090428
SDSSJ092721.82+200123.7  ,5.79 ,141.8409167,20.02325,19.1168,0.167026
SDSSJ083643.85+005453.3  ,5.82 ,129.1827083,0.9148056,17.69717,0.012611
VIKINGKiDSJ0839+0015     ,5.84 ,129.9806667,0.2650583,19.876862,0.095237
PSOJ127.2817+03.0657     ,5.85 ,127.28175,3.0657111,-999999500.0,-999999500.0
PSOJ157.9070-02.6599     ,5.88 ,157.9070417,-2.6599083,-999999500.0,-999999500.0
SDSSJ081827.40+172251.8  ,6.0  ,124.6141667,17.3810556,18.170103,0.058725
ULASJ082813.41+263355.49 ,6.05 ,127.055875,26.5654139,19.473135,0.124574
SDSSJ103027.10+052455.0  ,6.28 ,157.6129167,5.4152778,18.852478,0.082638
PSOJ159.2257-02.5438     ,6.38 ,159.2257917,-2.5438722,-999999500.0,-999999500.0
J074642.23+200031.5      ,L    ,116.6759583,20.00875,11.759,0.02
J075332.07+291710.3      ,L    ,118.383625,29.28619444,15.516,0.048
J075515.18+293445.0      ,L    ,118.81325,29.57916667,17.229,0.194
J075625.28+124454.2      ,L    ,119.1053333,12.74838889,16.659,0.139
J075656.43+231455.4      ,L    ,119.235125,23.24872222,16.773,0.145
J082030.08+103736.8      ,L    ,125.1253333,10.62688889,16.98,0.185
J082348.05+242858.2      ,L    ,125.9502083,24.48283333,14.986,0.043
J082957.00+265509.4      ,L    ,127.4875,26.91927778,17.109,0.186
J083506.10+195303.6      ,L    ,128.7754167,19.88433333,16.094,0.075
J083558.21+054830.5      ,L    ,128.9925417,5.808472222,14.533,0.036
J090347.54+011445.2      ,L    ,135.9480833,1.245888889,16.449,0.139
J091303.23+184147.9      ,L    ,138.2634583,18.69663889,15.966,0.055
J091534.08+042205.1      ,L    ,138.892,4.368083333,14.548,0.03
J091838.44+213404.1      ,L    ,139.6601667,21.56780556,15.662,0.061
PSO_J127.4696+10.5777    ,L    ,127.4696,10.5777,17.07,0.03
PSO_J146.0144+05.1319    ,L    ,146.0144,5.1319,16.74,0.02
PSO_J158.1597+05.2231    ,L    ,158.1597,5.2231,16.62,0.01
J070037.46+280122.5      ,M    ,105.1560833,28.02291667,15.638,0.046
J075059.51+280415.4      ,M    ,117.7479583,28.07094444,15.366,0.047
J075353.10+085359.9      ,M    ,118.47125,8.899972222,12.627,0.021
J075809.36+280329.2      ,M    ,119.539,28.05811111,14.977,0.034
J085335.80-032934.2      ,M    ,133.3991667,-3.492833333,11.212,0.023
J090206.59+003318.5      ,M    ,135.5274583,0.555138889,12.106,0.021
J091800.96+280220.5      ,M    ,139.504,28.03902778,15.411,0.057
J092507.00+275727.8      ,M    ,141.2791667,27.95772222,12.692,0.018
J092623.81+275700.9      ,M    ,141.5992083,27.95025,15.324,0.049
J093714.90+275913.2      ,M    ,144.3120833,27.987,12.237,0.021
J095723.93+263250.6      ,M    ,149.3497083,26.54738889,13.485,0.021
J101634.54+275144.1      ,M    ,154.1439167,27.86225,11.987,0.015
PSO_J133.8302+06.0160    ,M    ,133.8302,6.016,16.34,0.01
J074148.97+235124.0      ,T    ,115.4540417,23.85666667,16.158,0.101
J075547.93+221214.4      ,T    ,118.9497083,22.204,15.728,0.064
J075840.16+324721.0      ,T    ,119.6673333,32.78916667,14.947,0.044
J085910.62+101013.8      ,T    ,134.79425,10.1705,17.88,0.06
J092624.75+071138.3      ,T    ,141.603125,7.193972222,17.48,0.02
J092906.77+040957.9      ,T    ,142.2782083,4.166083333,16.67,0.09
J102109.57-030421.5      ,T    ,155.289875,-3.072638889,16.253,0.091
PSO_J133.8016-02.5658    ,T    ,133.8016,-2.5658,16.0,0.02
PSO_J136.3401+10.1151    ,T    ,136.3401,10.1151,17.08,0.02
SDSSJ121329.07+181029.1  ,4.5  ,183.371125,18.1747639,19.175486,0.132251
SDSSJ130216.13+003032.1  ,4.505,195.5672083,0.5089278,18.475512,0.024097
SDSSJ120247.22+071722.0  ,4.508,180.6967917,7.2894528,18.732525,0.098018
SDSSJ125147.91+041831.1  ,4.508,192.949625,4.3086444,19.167246,0.098547
SDSSJ131016.42+053042.0  ,4.51 ,197.5684167,5.5116778,19.172535,0.114589
SDSSJ112317.83+253506.4  ,4.527,170.8242917,25.5851167,18.611406,0.098772
SDSSJ113703.19+104312.1  ,4.534,174.2632917,10.7200361,17.930056,0.02845
SDSSJ120546.38+264026.1  ,4.541,181.4432917,26.6739417,18.796724,0.087812
SDSSJ113736.71-001944.8  ,4.542,174.403,-0.3291389,19.988684,0.117003
SWJ122342.16+183955.39   ,4.55 ,185.9256667,18.6653861,17.868828,0.043393
SDSSJ112253.50+005329.7  ,4.551,170.7229583,0.8916083,18.079096,0.017059
SDSSJ125025.40+183458.1  ,4.555,192.605875,18.5828222,18.080942,0.068913
SDSSJ114914.88+281308.7  ,4.557,177.3120417,28.2190944,17.476328,0.032519
SDSSJ132304.92+135418.2  ,4.562,200.7705,13.9050667,19.280027,0.07913
SDSSJ105210.79+062008.7  ,4.575,163.045,6.3357528,18.922834,0.088286
SDSSJ123604.19+030341.8  ,4.577,189.0174583,3.0616333,18.708906,0.071647
SDSSJ120110.31+211758.4  ,4.579,180.2929583,21.2995778,17.288994,0.0313
SDSSJ121409.83+035438.8  ,4.579,183.5409583,3.9107833,18.391087,0.070126
SDSSJ120312.63-001118.8  ,4.592,180.802625,-0.1885694,17.92677,0.015603
SDSSJ114225.31+110217.4  ,4.596,175.6054583,11.0381667,18.289463,0.052361
SDSSJ124144.14+034809.2  ,4.596,190.4339167,3.802575,19.36712,0.18723
SDSSJ111401.47-005321.2  ,4.6  ,168.5061667,-0.8892278,18.87271,0.035872
SDSSJ131121.32+222738.6  ,4.609,197.838875,22.4607472,18.87026,0.103485
SDSSJ130002.16+011823.0  ,4.612,195.009,1.3064028,17.706314,0.027807
SDSSJ111523.24+082918.4  ,4.635,168.8468333,8.4884611,18.044186,0.036352
SDSSJ111741.26+261039.2  ,4.636,169.4219167,26.177575,18.379309,0.085361
SDSSJ110150.89+240922.4  ,4.64 ,165.4620417,24.1562333,18.273443,0.060614
SDSSJ130110.95+252738.2  ,4.664,195.295625,25.4606389,18.683231,0.093406
SDSSJ114050.28+281221.1  ,4.667,175.2095417,28.2058667,,
SDSSJ115744.95+221754.9  ,4.67 ,179.4372917,22.2985889,18.49076,0.086219
SDSSJ123503.04-000331.7  ,4.685,188.7626667,-0.0588139,19.187275,0.04671
SDSSJ113906.95-014941.5  ,4.687,174.779,-1.8282139,20.243904,0.124562
SDSSJ125832.51+141009.1  ,4.693,194.6355,14.1692028,,
BR1202-0725              ,4.694,181.3463333,-7.7089194,16.842237,0.019321
SDSSJ115158.26+030341.8  ,4.699,177.9927917,3.0616222,-999999500.0,-999999500.0
SDSSJ130917.13+165758.4  ,4.71 ,197.321375,16.9662472,18.03528,0.065278
SDSSJ132110.81+003821.6  ,4.729,200.2950833,0.6393583,18.844713,0.029248
SDSSJ105919.22+023428.7  ,4.735,164.8300833,2.5746528,18.567524,0.063821
SDSSJ110045.23+112239.1  ,4.74 ,165.1884583,11.3775389,17.872402,0.037227
SDSSJ124735.78+063842.6  ,4.744,191.899125,6.6451833,-999999500.0,-999999500.0
SDSSJ112420.57-010743.6  ,4.77 ,171.0857083,-1.1287944,19.399443,0.223005
SDSSJ130328.28+214421.3  ,4.772,195.8678333,21.7392528,19.033031,0.128095
SDSSJ114448.54+055709.7  ,4.788,176.2022917,5.9527167,19.379065,0.143195
SDSSJ112242.98-022905.1  ,4.795,170.6790833,-2.48475,,
SDSSJ120131.56+053510.1  ,4.795,180.3815417,5.58615,17.721447,0.034844
SDSSJ130152.55+221012.2  ,4.799,195.469,22.1700583,18.586456,0.086318
SDSSJ130619.39+023658.9  ,4.8  ,196.5807917,2.6163722,17.83888,0.044072
SDSSJ110131.37-004248.3  ,4.805,165.38075,-0.7134389,19.577408,0.064127
SDSSJ120256.44+072038.9  ,4.807,180.7351667,7.3441611,19.095839,0.13501
SDSSJ110350.30+245146.6  ,4.837,165.9595833,24.8629639,18.493488,0.083166
SDSSJ123623.03+182435.8  ,4.85 ,189.096,18.4099472,,
SDSSJ105020.40+262002.3  ,4.864,162.5850417,26.3339806,18.25064,0.07877
SDSSJ112956.09-014212.4  ,4.865,172.4837083,-1.7034556,17.359983,0.036851
SDSSJ111358.32+025333.6  ,4.867,168.493,2.8926806,18.822018,0.061607
SDSSJ115922.20+262915.5  ,4.88 ,179.8425417,26.4876472,18.597488,0.09602
SDSSJ120516.55+075100.4  ,4.888,181.319,7.8501306,,
SDSSJ125353.35+104603.1  ,4.911,193.4722917,10.7675528,18.008984,0.055103
SDSSJ115207.34+030701.7  ,4.915,178.0305833,3.1171389,-999999500.0,-999999500.0
SDSSJ120055.61+181733.0  ,4.998,180.23175,18.2925028,18.485256,0.088189
SDSSJ110134.35+053133.8  ,5.0  ,165.3931667,5.526075,18.063719,0.039904
SDSSJ112311.13-004418.5  ,5.0  ,170.7964583,-0.7385111,19.158907,0.063313
SDSSJ115424.73+134145.7  ,5.005,178.6030417,13.6960528,18.927229,0.095915
SDSSJ115419.91+233357.2  ,5.011,178.583,23.5659083,18.893587,0.109373
SDSSJ120852.66+211033.9  ,5.06 ,182.2194583,21.1761028,18.443882,0.080281
SDSSJ120441.73-002149.6  ,5.09 ,181.173875,-0.3637861,18.04625,0.017416
SDSSJ122237.96+195842.9  ,5.13 ,185.6581667,19.9785917,18.808882,0.122016
SDSSJ120952.73+183147.2  ,5.148,182.4697083,18.5297806,18.401783,0.095914
SDSSJ113246.50+120901.6  ,5.167,173.19375,12.1504722,18.203,0.043809
SDSSJ112250.04+134236.4  ,5.187,170.7085,13.710125,-999999500.0,-999999500.0
SDSSJ112637.96+173458.5  ,5.216,171.6582083,17.5829306,18.63121,0.082827
SDSSJ120823.82+001027.7  ,5.273,182.09925,0.1743611,19.486116,0.072742
PSOJ172.1770+26.8866     ,5.77 ,172.177,26.8866667,,
PSOJ187.1047-02.5609     ,5.77 ,187.1047917,-2.5609028,20.019495,0.108445
SDSSJ104433.04-012502.2  ,5.8  ,161.1376667,-1.4172778,18.308308,0.048969
VIKINGKiDSJ1148+0056     ,5.84 ,177.13825,0.9450722,20.737215,0.191935
PSOJ197.7198+25.5351     ,5.84 ,197.7197917,25.5351889,-999999500.0,-999999500.0
SDSSJ124340.81+252923.9  ,5.85 ,190.9200417,25.4899722,19.205292,0.115642
PSOJ187.3050+04.3243     ,5.89 ,187.305,4.3243611,-999999500.0,-999999500.0
PSOJ194.1290+25.5476     ,5.91 ,194.1290417,25.547625,-999999500.0,-999999500.0
VIKINGKiDSJ1215+0023     ,5.93 ,183.8202917,0.3901806,20.376295,0.147574
SDSSJ130608.26+035626.3  ,5.99 ,196.5344167,3.9406389,18.86228,0.105259
SDSSJ120737.43+063010.1  ,6.04 ,181.9059583,6.5028056,19.350891,0.141817
ULASJ131911.29+095051.40 ,6.13 ,199.7970417,9.8476111,18.693014,0.053171
PSOJ184.3389+01.5284     ,6.2  ,184.3389167,1.5284639,20.209135,0.158745
ULASJ114803.29+070208.30 ,6.29 ,177.0137083,7.0356389,19.360973,0.113388
HSCJ1152+0055            ,6.37 ,178.088625,0.9268333,20.743647,0.222994
PSOJ183.1124+05.0926     ,6.45 ,183.1124167,5.0926389,-999999500.0,-999999500.0
DUJ104819.09-010940.2    ,6.6  ,162.0795417,-1.1611694,19.71481,0.173288
ULASJ112001.48+064124.30 ,7.08 ,170.0061667,6.6900833,19.407145,0.149513
J125656.74+014615.9      ,L    ,194.2364167,1.771083333,14.48,0.03
J125737.34-011336.5      ,L    ,194.4055833,-1.226805556,15.941,0.084
PSO_J167.1132+08.6331    ,L    ,167.1132,8.6331,16.56,0.01
PSO_J175.2003+16.1403    ,L    ,175.2003,16.1403,16.82,0.02
PSO_J186.5342+21.8364    ,M    ,186.5342,21.8364,16.92,0.02
J104829.08+091939.4      ,T    ,162.1211667,9.327611111,16.594,0.151
J111009.86+011608.7      ,T    ,167.5410833,1.269083333,16.343,0.115
J115323.23-014828.0      ,T    ,178.3467917,-1.807777778,17.59,0.02
J115700.56+061103.2      ,T    ,179.2523333,6.184222222,16.926,0.2
J120257.02+090158.1      ,T    ,180.7375833,9.032805556,16.71,0.03
J120746.83+024426.3      ,T    ,181.945125,2.740638889,15.58,0.071
J123828.37+095352.5      ,T    ,189.6182083,9.897916667,18.95,0.02
J125453.57-012245.8      ,T    ,193.7232083,-1.379388889,14.891,0.035
J131106.24+012252.4      ,T    ,197.776,1.381222222,20.2,0.13
SDSSJ171437.67+272223.8  ,4.5  ,258.6569583,27.3732861,18.923367,0.148308
SDSSJ144231.71+011055.3  ,4.507,220.6321667,1.1820361,19.031393,0.033752
SDSSJ134012.12+201219.5  ,4.51 ,205.0505417,20.2054306,19.084675,0.155909
SDSSJ162840.63+204546.1  ,4.515,247.1692917,20.7628222,19.185287,0.147132
SDSSJ134702.28-004207.0  ,4.517,206.7595,-0.7019472,19.781487,0.059513
SDSSJ144717.97+040112.4  ,4.518,221.8249167,4.0201333,17.856483,0.053889
SDSSJ132757.81+240421.7  ,4.523,201.9909167,24.0727111,18.88685,0.086172
SDSSJ154508.25+242846.1  ,4.525,236.2844167,24.4794861,19.063507,0.149104
SDSSJ150631.75+113149.7  ,4.53 ,226.6322917,11.530475,18.065733,0.033161
SDSSJ171509.96+294555.0  ,4.535,258.7915417,29.7652889,18.498566,0.073616
SDSSJ144407.63-010152.7  ,4.54 ,221.0317917,-1.0313278,18.07473,0.022115
SDSSJ160651.01+085037.5  ,4.542,241.7125417,8.8437528,19.084557,0.13822
SDSSJ155051.20+110418.9  ,4.545,237.7133333,11.0719278,18.651932,0.16109
SDSSJ161105.64+084435.4  ,4.548,242.7735417,8.7431722,18.03132,0.051275
SDSSJ152028.16+210039.6  ,4.55 ,230.1173333,21.0110111,19.204464,0.135214
SDSSJ152132.89+003252.2  ,4.55 ,230.3870417,0.54785,18.276594,0.06182
SDSSJ140935.00+122657.3  ,4.551,212.3958333,12.4492583,19.454365,0.140832
SDSSJ161859.06+263000.3  ,4.554,244.7460833,26.5000917,18.959686,0.081881
SDSSJ142046.88+100206.3  ,4.556,215.195375,10.0351083,18.90213,0.065317
SDSSJ135547.72+181957.7  ,4.56 ,208.948875,18.3327139,18.594425,0.086016
SDSSJ141914.19-015012.6  ,4.56 ,214.809125,-1.8368417,17.47108,0.020462
SDSSJ163411.81+215325.0  ,4.56 ,248.54925,21.8903,17.728241,0.03521
SDSSJ134910.08+212208.6  ,4.562,207.2920417,21.3690806,18.475447,0.082089
SDSSJ165248.64+174345.7  ,4.57 ,253.2026667,17.7293694,18.620525,0.096893
SDSSJ145448.07+220924.6  ,4.574,223.7003333,22.1568361,19.328568,0.188179
AGESJ143105.50+342717.8  ,4.576,217.7729583,34.4549639,19.22115,0.160929
SDSSJ134056.53+111044.9  ,4.579,205.2355833,11.1791583,18.964167,0.105213
SDSSJ133156.30+073240.8  ,4.58 ,202.984625,7.544675,18.991932,0.102392
SDSSJ153010.81+202027.4  ,4.585,232.5450833,20.3409528,19.185602,0.157212
SDSSJ155426.15+193703.0  ,4.612,238.609,19.6175111,16.776176,0.020392
SDSSJ151320.89+105807.3  ,4.617,228.3370833,10.9687056,18.244364,0.04069
SDSSJ151601.00+134545.0  ,4.62 ,229.0042083,13.7625222,18.690912,0.120539
SDSSJ153259.96-003944.1  ,4.62 ,233.2498333,-0.66225,18.239914,0.090916
SDSSJ143352.21+022713.9  ,4.623,218.4675417,2.4538806,17.294855,0.010826
SDSSJ143658.89+223737.2  ,4.631,219.245375,22.627025,19.675726,0.213579
SDSSJ150619.21+045553.9  ,4.644,226.5800417,4.9316389,19.4802,0.167713
SDSSJ134134.20+014157.6  ,4.65 ,205.3925,1.6993556,17.679926,0.03208
SDSSJ151155.98+040802.9  ,4.65 ,227.98325,4.1341667,18.854866,0.12834
SDSSJ152638.12+061402.5  ,4.653,231.6588333,6.2340333,18.7983,0.079754
SDSSJ134453.51+294519.6  ,4.66 ,206.2229583,29.7554556,17.879366,0.036012
SDSSJ144827.81+281059.5  ,4.66 ,222.1159167,28.1832056,17.507778,0.043661
SDSSJ133211.90+031556.3  ,4.665,203.0495833,3.2656417,18.418339,0.05627
SDSSJ155243.04+255229.2  ,4.667,238.1793333,25.8747861,18.383198,0.044752
SDSSJ145118.77-010446.2  ,4.672,222.8282083,-1.0795,19.310438,0.050213
SDSSJ155103.40+165324.5  ,4.676,237.7642083,16.8901556,19.56226,0.201609
SDSSJ170424.77+252236.6  ,4.685,256.10325,25.3768472,,
SDSSJ155726.74+242116.1  ,4.69 ,239.3614583,24.3544889,19.436697,0.171367
SDSSJ132853.66-022441.6  ,4.695,202.2235833,-2.411575,18.757666,0.087184
SDSSJ165436.85+222733.8  ,4.696,253.6535417,22.4593889,17.458858,0.031912
SDSSJ134546.96-015940.3  ,4.7  ,206.4457083,-1.99455,18.690538,0.080478
SDSSJ143003.95+144354.8  ,4.7  ,217.5165,14.7319,18.8073,0.112274
SDSSJ153715.42+072128.7  ,4.705,234.3142917,7.357975,18.159489,0.054239
SDSSJ153024.82+241913.0  ,4.708,232.6034167,24.3202833,18.799099,0.139435
SDSSJ134831.67+172138.9  ,4.71 ,207.1319583,17.3608167,18.82572,0.104836
SDSSJ154814.20+202908.6  ,4.716,237.0592083,20.4857222,18.088612,0.067432
SDSSJ135249.82-031354.2  ,4.72 ,208.2075833,-3.2317389,,
SDSSJ135135.70+284014.8  ,4.723,207.8987917,28.6707778,19.133368,0.159407
SDSSJ133125.56+025535.5  ,4.728,202.8565417,2.9265417,-999999500.0,-999999500.0
SDSSJ160329.14+090218.3  ,4.73 ,240.8714167,9.0384194,19.246117,0.170411
SDSSJ142535.97-023934.4  ,4.75 ,216.3999167,-2.6595611,18.199518,0.020222
SDSSJ152244.34-003412.9  ,4.75 ,230.6847917,-0.5702639,19.084131,0.139619
SDSSJ154424.26+140922.5  ,4.75 ,236.1010833,14.1562583,,
SDSSJ160734.22+160417.4  ,4.76 ,241.892625,16.0715111,18.164696,0.057334
SWJ163810.39+150058.26   ,4.76 ,249.5432917,15.0161833,17.346588,0.030868
SDSSJ161931.58+123844.4  ,4.77 ,244.881625,12.6456944,19.1958,0.16287
SDSSJ172326.68+262055.7  ,4.771,260.8612083,26.3488278,18.735767,0.097948
SDSSJ144029.45+190800.6  ,4.774,220.1227083,19.1335167,18.912424,0.130908
SDSSJ143629.94+063507.9  ,4.779,219.12475,6.5855361,,
SDSSJ144413.26+004836.7  ,4.78 ,221.0552917,0.8102694,20.049707,0.089523
SDSSJ132536.24+232823.8  ,4.79 ,201.4010417,23.4732833,19.14635,0.102966
SDSSJ141741.56+253702.0  ,4.791,214.4231667,25.6172278,19.219814,0.150874
SDSSJ152404.23+134417.5  ,4.792,231.017625,13.7382056,18.779768,0.136925
SDSSJ153229.11+160949.7  ,4.795,233.1212917,16.163825,,
AGESJ143540.96+350325.6  ,4.8  ,218.9206667,35.0571111,,
SDSSJ142634.33+204336.3  ,4.82 ,216.6430417,20.7267722,17.707623,0.043361
SDSSJ155700.16+101841.7  ,4.829,239.2507083,10.3116028,18.403467,0.06963
SDSSJ141551.58+120445.0  ,4.83 ,213.9649167,12.0791694,-999999500.0,-999999500.0
SDSSJ165913.23+210115.8  ,4.83 ,254.805125,21.0210667,18.938793,0.118459
SDSSJ143250.16+001756.3  ,4.838,218.209,0.2989917,20.134235,0.091459
BTC40J1429+0119          ,4.84 ,217.3604167,1.3316667,18.88317,0.043078
SDSSJ155422.97+303214.4  ,4.84 ,238.5957083,30.5373333,18.227652,0.069141
SWJ162838.83+063859.14   ,4.85 ,247.1617917,6.6497611,18.501799,0.056999
SDSSJ144853.29+190205.7  ,4.865,222.2220417,19.0349389,19.17218,0.185555
SDSSJ134408.61+152125.0  ,4.871,206.0359167,15.3569583,18.461964,0.057045
SDSSJ161622.10+050127.7  ,4.872,244.092125,5.024375,17.73945,0.044735
SDSSJ153627.09+143717.1  ,4.88 ,234.112875,14.6214306,18.987915,0.124484
SDSSJ133043.47+180401.1  ,4.888,202.6811667,18.0669889,,
SDSSJ144352.94+060533.1  ,4.889,220.970625,6.0925444,19.325914,0.159445
SDSSJ145212.86+023526.3  ,4.896,223.0535833,2.5906528,19.347157,0.06358
SDSSJ170254.22+243341.6  ,4.899,255.7259583,24.5615722,19.38196,0.192775
SDSSJ140404.65+031403.8  ,4.9  ,211.019375,3.2344028,18.28206,0.06317
SDSSJ140342.07+125252.5  ,4.913,210.9252917,12.8812722,17.945332,0.030874
SDSSJ160501.20-011220.6  ,4.922,241.2550417,-1.2057472,18.178259,0.053721
SDSSJ133843.66+203242.8  ,4.925,204.6819167,20.5452222,,
SDSSJ143253.52+024308.9  ,4.928,218.223,2.7191611,20.404343,0.167855
SWJ143704.81+070807.71   ,4.93 ,219.2700417,7.135475,18.449081,0.077645
SDSSJ142526.09+082718.4  ,4.938,216.35875,8.4551278,18.20822,0.053856
SDSSJ134819.87+181925.8  ,4.94 ,207.0828333,18.3238389,18.181593,0.058036
SWJ151901.27+042348.60   ,4.94 ,229.7552917,4.3968333,18.556776,0.08552
SDSSJ150655.23+023732.0  ,4.955,226.7301667,2.6255611,,
SDSSJ162629.19+285857.5  ,4.995,246.6216667,28.9826611,18.678822,0.076785
SDSSJ142325.92+130300.7  ,5.021,215.858,13.0501972,18.380306,0.058194
SDSSJ153459.75+132701.4  ,5.044,233.749,13.4503944,19.65527,0.214532
SDSSJ152404.10+081639.3  ,5.08 ,231.0170833,8.2775833,-999999500.0,-999999500.0
SDSSJ161447.03+205902.9  ,5.091,243.696,20.9841583,18.603355,0.083999
SWJ133257.45+220835.91   ,5.11 ,203.239375,22.1433083,18.084042,0.057045
SDSSJ133412.56+122020.7  ,5.12 ,203.5523333,12.3390861,18.298754,0.050626
SDSSJ162626.50+275132.4  ,5.16 ,246.6104167,27.8590278,17.315863,0.021041
SDSSJ143605.00+213239.2  ,5.22 ,219.0208333,21.5442361,18.536373,0.079465
SDSSJ143751.82+232313.3  ,5.305,219.4659583,23.3870417,18.350048,0.061426
SDSSJ165902.12+270935.1  ,5.312,254.7588333,27.159775,17.761042,0.041786
SDSSJ134040.24+281328.1  ,5.338,205.1676667,28.2244889,18.333023,0.049958
PSOJ245.0636-00.1978     ,5.68 ,245.0636667,-0.1978611,,
PSOJ235.9450+17.0079     ,5.82 ,235.9450833,17.0079056,19.097342,0.136566
PSOJ236.2912+16.6088     ,5.82 ,236.29125,16.6088639,19.535976,0.182729
SDSSJ140319.13+090250.9  ,5.86 ,210.8297083,9.0474722,19.172014,0.099771
PSOJ228.6871+21.2388     ,5.92 ,228.687125,21.2388278,,
SDSSJ141111.29+121737.4  ,5.93 ,212.7970417,12.2937222,19.204302,0.093036
PSOJ210.4472+27.8263     ,6.14 ,210.44725,27.8263972,19.407413,0.151996
PSOJ217.918507.4120     ,6.14 ,217.9185417,-7.412075,18.911152,0.073164
J132629.66-003832.6      ,L    ,201.6235833,-0.642388889,16.103,0.071
J133406.18+194036.4      ,L    ,203.52575,19.67677778,15.477,0.06
J134203.12+134022.4      ,L    ,205.513,13.67288889,16.756,0.144
J140231.60+014830.1      ,L    ,210.6316667,1.808361111,15.451,0.063
J140441.70+023547.5      ,L    ,211.17375,2.596527778,15.601,0.058
J140753.39+124111.0      ,L    ,211.9724583,12.68638889,15.378,0.055
J141011.08+132900.8      ,L    ,212.5461667,13.48355556,16.846,0.141
J141224.51+163310.5      ,L    ,213.102125,16.55291667,13.888,0.029
J142227.23+221558.3      ,L    ,215.6134583,22.26619444,17.064,0.181
J142438.96+091709.8      ,L    ,216.1623333,9.286055556,15.687,0.078
J143043.42+291542.1      ,L    ,217.6809167,29.26169444,14.273,0.028
J143055.92+001351.8      ,L    ,217.733,0.231055556,16.29,0.114
J143130.64+143653.0      ,L    ,217.8776667,14.61472222,15.151,0.041
J143517.22-004612.6      ,L    ,218.82175,-0.770166667,16.484,0.097
J143535.75-004347.4      ,L    ,218.8989583,-0.729833333,16.488,0.116
J143940.90+182637.7      ,L    ,219.9204167,18.44380556,16.22,0.104
J144001.75+002146.7      ,L    ,220.0072917,0.362972222,15.948,0.078
J144016.21+002639.5      ,L    ,220.0675417,0.444305556,16.069,0.114
J144600.73+002451.2      ,L    ,221.5030417,0.414222222,15.894,0.082
J152322.73+301454.3      ,L    ,230.8447083,30.24841667,16.056,0.099
J152613.85+204337.0      ,L    ,231.5577083,20.72694444,15.586,0.055
J163229.39+190439.9      ,L    ,248.1224583,19.07775,15.867,0.07
PSO_J244.1180+06.3598    ,L    ,244.118,6.3598,17.51,0.06
J135421.74+280041.2      ,M    ,208.5905833,28.01144444,13.778,0.024
J141107.82+275826.3      ,M    ,212.7825833,27.97397222,13.295,0.021
J141144.97+275808.2      ,M    ,212.937375,27.96894444,14.412,0.032
J141311.37+280226.4      ,M    ,213.297375,28.04066667,13.289,0.024
J141403.20+275801.0      ,M    ,213.5133333,27.96694444,13.273,0.02
J145824.46+283953.3      ,M    ,224.6019167,28.66480556,13.083,0.015
J150618.61+275824.0      ,M    ,226.5775417,27.97333333,16.451,0.127
J151016.58-024107.6      ,M    ,227.5690833,-2.685444444,12.614,0.019
J151420.46+234104.1      ,M    ,228.58525,23.68447222,14.087,0.025
J151943.12+260936.2      ,M    ,229.9296667,26.16005556,15.428,0.058
J152047.56+300208.5      ,M    ,230.1981667,30.03569444,15.024,0.039
J153946.68+275951.0      ,M    ,234.9445,27.9975,16.521,0.143
J153946.73+280222.3      ,M    ,234.9447083,28.03952778,15.493,0.054
J154016.16+280010.2      ,M    ,235.0673333,28.00283333,12.849,0.019
J154019.25+280058.3      ,M    ,235.0802083,28.01619444,13.506,0.026
J154302.42+280139.5      ,M    ,235.7600833,28.02763889,14.7,0.038
J133553.41+113004.7      ,T    ,203.9725417,11.50130556,17.9,0.01
J134646.09-003151.4      ,T    ,206.6920417,-0.530944444,16.0,0.102
J140255.66+080053.9      ,T    ,210.7319167,8.014972222,16.839,0.178
J143553.29+112949.3      ,T    ,218.9720417,11.49702778,17.137,0.232
J151114.49+060740.9      ,T    ,227.810375,6.128027778,16.016,0.079
J151603.01+025927.6      ,T    ,229.0125417,2.991,17.23,0.203
J152103.14+013144.1      ,T    ,230.2630833,1.528916667,16.399,0.102
J153417.03+161547.0      ,T    ,233.5709583,16.26305556,16.753,0.133
J155301.94+153238.6      ,T    ,238.2580833,15.54405556,15.825,0.071
J161504.36+134004.2      ,T    ,243.7681667,13.66783333,16.35,0.092
J161705.75+180714.3      ,T    ,244.2739583,18.12063889,14.101,0.032
J162414.09+002916.0      ,T    ,246.0587083,0.487777778,15.494,0.054
J163022.92+081819.8      ,T    ,247.5955,8.3055,16.396,0.113
J174124.26+255319.5      ,T    ,265.3510833,25.88875,18.96,0.07
PSO_J202.1635-03.7660    ,T    ,202.1635,-3.766,16.94,0.03
PSO_J207.7496+29.4240    ,T    ,207.7496,29.424,17.18,0.02
PSO_J231.2588+08.5622    ,T    ,231.2588,8.5622,17.19,0.02
PSO_J242.9129+02.4856    ,T    ,242.9129,2.4856,17.11,0.13
PSO_J244.6801+08.7185    ,T    ,244.6801,8.7185,16.84,0.03
SDSSJ233610.47-005814.8  ,4.519,354.0436667,-0.9707972,18.39244,0.034142
SDSSJ223338.57-011137.5  ,4.529,338.41075,-1.1937611,,
SDSSJ223925.51+004337.7  ,4.53 ,339.8562917,0.7271389,,
SDSSJ234003.51+140257.2  ,4.54 ,355.0146667,14.0492389,-999999500.0,-999999500.0
SDSSJ222807.57+003526.3  ,4.55 ,337.0315833,0.5906417,18.331417,0.048321
SDSSJ235403.85+155630.4  ,4.588,358.5160417,15.9417972,19.040422,0.15388
SWJ221921.74+144126.31   ,4.59 ,334.8405833,14.6906417,18.646164,0.092339
SWJ221232.06+021200.09   ,4.61 ,333.1335833,2.200025,18.796333,0.090754
SDSSJ224453.06+134631.6  ,4.65 ,341.221125,13.7754583,18.848423,0.088068
SDSSJ211018.94+002208.8  ,4.66 ,317.5789167,0.3691111,,
SDSSJ215151.83-001711.1  ,4.66 ,327.9659583,-0.2864167,19.3017,0.138965
SDSSJ211225.39-000141.3  ,4.67 ,318.1057917,-0.0281389,19.967173,0.201994
SDSSJ221705.71-001307.6  ,4.672,334.2737917,-0.2187889,19.315268,0.083218
SDSSJ222050.81+001959.1  ,4.68 ,335.2117083,0.3331,19.049679,0.070582
SDSSJ231701.01+003205.6  ,4.68 ,349.2542083,0.5349028,20.477987,0.276157
SDSSJ235152.80+160048.9  ,4.69 ,357.9700417,16.0135861,18.740732,0.105501
SDSSJ223653.26+002603.0  ,4.7  ,339.2219167,0.4341667,,
SWJ215904.97+050745.76   ,4.71 ,329.7707083,5.1293778,19.178205,0.163738
SDSSJ221851.72-010259.1  ,4.71 ,334.7155417,-1.0497611,19.779083,0.124831
SDSSJ234730.56+002306.3  ,4.71 ,356.8773333,0.3850833,-999999500.0,-999999500.0
SDSSJ233255.72+141916.4  ,4.72 ,353.2322083,14.321225,19.083645,0.174558
SDSSJ215055.14-010439.8  ,4.73 ,327.72975,-1.0777222,,
SDSSJ230916.77+001002.5  ,4.733,347.319875,0.1673833,,
SDSSJ215445.28+000421.7  ,4.74 ,328.6886667,0.0726944,,
SDSSJ234206.94+003614.1  ,4.74 ,355.5289167,0.6039167,,
SDSSJ211435.27+001733.4  ,4.75 ,318.6469583,0.2926111,19.956348,0.198683
SDSSJ230413.47-011149.2  ,4.75 ,346.056125,-1.197,-999999500.0,-999999500.0
SDSSJ232741.35-002803.9  ,4.75 ,351.9222917,-0.46775,,
SDSSJ220008.66+001744.9  ,4.77 ,330.036125,0.2958139,18.320187,0.052288
SDSSJ233428.47-005207.7  ,4.77 ,353.618625,-0.8688056,,
SDSSJ224206.52+002523.9  ,4.78 ,340.5271667,0.4233056,,
SWJ215216.10+104052.44   ,4.79 ,328.0670833,10.6812333,16.900599,0.020727
SWJ233048.79+292301.05   ,4.79 ,352.7032917,29.383625,18.7776,0.083532
SDSSJ232006.60-001822.3  ,4.8  ,350.0275,-0.3061944,,
SDSSJ225246.43+142525.8  ,4.805,343.1935,14.4238528,18.564222,0.077151
SDSSJ233223.57+010253.6  ,4.81 ,353.09825,1.0482278,19.606539,0.133371
SDSSJ231000.37-004327.0  ,4.83 ,347.5015417,-0.7241667,-999999500.0,-999999500.0
SDSSJ211547.22+003123.8  ,4.84 ,318.94675,0.5232778,19.560656,0.146831
SDSSJ214300.53-002024.6  ,4.84 ,325.7522083,-0.3401667,,
SWJ211105.62-015604.14   ,4.85 ,317.7734167,-1.9344833,17.0569,0.023039
SDSSJ222509.19-001406.8  ,4.85 ,336.2882917,-0.2352278,17.80499,0.034592
SDSSJ223859.79+005623.6  ,4.878,339.749125,0.9399111,,
SWJ225257.46+204625.22   ,4.91 ,343.2394167,20.7736722,18.217062,0.076749
SDSSJ234601.55-003855.2  ,4.93 ,356.5064583,-0.6486667,-999999500.0,-999999500.0
SDSSJ222216.02-000405.6  ,4.95 ,335.56675,-0.0682222,,
SDSSJ213008.94+002610.0  ,4.951,322.5372917,0.4361139,19.769804,0.195232
SDSSJ221251.50-004230.6  ,4.952,333.2145833,-0.708525,19.557423,0.158415
SDSSJ211158.01+005302.6  ,4.98 ,317.9917083,0.8840556,,
SDSSJ222629.28-010956.5  ,4.99 ,336.622,-1.1656944,,
SWJ234433.50+165316.48   ,5.0  ,356.1395833,16.8879111,17.604773,0.033085
SDSSJ221644.01+001348.1  ,5.01 ,334.1834167,0.2300333,19.410921,0.103128
SWJ220106.63+030207.71   ,5.06 ,330.277625,3.035475,18.019644,0.037049
SDSSJ231216.43+010051.6  ,5.068,348.0685,1.0143417,19.956501,0.183526
SWJ220226.77+150952.38   ,5.07 ,330.6115417,15.16455,17.614315,0.035439
SDSSJ223907.56+003022.6  ,5.09 ,339.7815,0.5062778,,
SDSSJ223327.64-010704.4  ,5.11 ,338.3651667,-1.1178889,,
SDSSJ233455.05-001022.1  ,5.11 ,353.729375,-0.1728056,20.003849,0.16214
SDSSJ223850.20-002701.8  ,5.17 ,339.7091667,-0.4505,,
WFSJ224524.2+002414      ,5.17 ,341.3511667,0.4040556,,
SDSSJ211928.32+102906.6  ,5.18 ,319.868,10.4851667,19.174145,0.166103
SDSSJ221141.01+001118.9  ,5.23 ,332.920875,0.1885833,,
SDSSJ211812.73-000350.7  ,5.46 ,319.5530417,-0.0640833,20.183794,0.161718
SDSSJ222018.50-010147.0  ,5.605,335.0770833,-1.0297472,19.413021,0.090245
SWJ232514.24+262847.61   ,5.77 ,351.3093333,26.4798917,17.960201,0.041644
SDSSJ214755.41+010755.3  ,5.81 ,326.980875,1.1320278,,
PSOJ357.8289+06.4019     ,5.81 ,357.829,6.4019222,,
SDSSJ211951.89-004020.1  ,5.87 ,319.9662083,-0.67225,,
SDSSJ230735.35+003149.4  ,5.87 ,346.8972917,0.5303889,-999999500.0,-999999500.0
IMSJ220417.92+011144.8   ,5.944,331.0746667,1.1957778,,
SDSSJ222843.54+011032.2  ,5.95 ,337.1814167,1.1756111,-999999500.0,-999999500.0
SDSSJ235651.58+002333.3  ,6.0  ,359.2149167,0.3925833,,
PSOJ333.9859+26.1081     ,6.03 ,333.9859583,26.1081694,19.523352,0.142315
SDSSJ231038.88+185519.7  ,6.04 ,347.662,18.9221389,17.94161,0.048748
HSCJ2216-0016            ,6.1  ,334.1852917,-0.2805833,,
SDSSJ231546.57-002358.1  ,6.117,348.9440417,-0.3994722,20.453417,0.205021
CFHQSJ222901+145709      ,6.15 ,337.256875,14.9525,,
HSCJ2232+0012            ,6.18 ,338.050125,0.2106667,,
PSOJ338.2298+29.5089     ,6.658,338.2297917,29.5089,19.430452,0.142635
PSO_J316.5156+04.1173    ,L    ,316.5156,4.1173,17.01,0.04
PSO_J334.8034+11.2278    ,L    ,334.8034,11.2278,16.58,0.02
PSO_J344.8146+20.1917    ,L    ,344.8146,20.1917,16.76,0.03
PSO_J353.6355+13.2209    ,L    ,353.6355,13.2209,16.6,0.01
PSO_J337.4314+16.4215    ,M    ,337.4314,16.4215,17.02,0.03
J212414.00+010002.6      ,T    ,321.0583333,1.000722222,16.031,0.074
J213927.09+022023.7      ,T    ,324.862875,2.339916667,15.264,0.049
J215751.38+265931.4      ,T    ,329.4640833,26.99205556,17.31,0.03
J221354.69+091139.4      ,T    ,333.477875,9.194277778,17.13,0.1
J223937.55+161716.2      ,T    ,339.9064583,16.28783333,16.18,0.07
J230600.99+130225.2      ,T    ,346.504125,13.04033333,17.57,0.02
J232035.36+144830.2      ,T    ,350.1473333,14.80838889,16.79,0.02
J232123.83+135453.5      ,T    ,350.3492917,13.91486111,16.72,0.03
J232802.12+134545.2      ,T    ,352.0088333,13.76255556,17.75,0.02
PSO_J334.1193+19.8800    ,T    ,334.1193,19.88,16.59,0.06
PSO_J359.8867-01.8651    ,T    ,359.8867,-1.8651,17.05,0.03
